Dx(mm),Dx_err,focale (mm)
2.591633109099549,0.0047976214519348925,160.
3.2451,0.005,200.
4.0564,0.0047976214519348925,250.
1.946,0.004,120.
